"TestName","TimeSec","VRAM_MB"
"Quant-Q4_K_M","0.13","315"
"Quant-Q4_K_M","0.41","315"
"Quant-Q4_K_M","0.67","315"
"Quant-Q4_K_M","0.93","315"
"Quant-Q4_K_M","1.2","315"
"Quant-Q4_K_M","1.46","315"
"Quant-Q4_K_M","1.74","315"
"Quant-Q4_K_M","2.01","315"
"Quant-Q4_K_M","2.3","397"
"Quant-Q4_K_M","2.58","397"
"Quant-Q4_K_M","2.84","397"
"Quant-Q4_K_M","3.1","397"
"Quant-Q4_K_M","3.43","397"
"Quant-Q4_K_M","3.7","397"
"Quant-Q4_K_M","3.98","397"
"Quant-Q4_K_M","4.26","397"
"Quant-Q4_K_M","4.53","397"
"Quant-Q4_K_M","4.79","397"
"Quant-Q4_K_M","5.06","397"
"Quant-Q4_K_M","5.32","397"
"Quant-Q4_K_M","5.59","397"
"Quant-Q4_K_M","5.85","397"
"Quant-Q4_K_M","6.12","397"
"Quant-Q4_K_M","6.38","397"
"Quant-Q4_K_M","6.65","397"
"Quant-Q4_K_M","6.91","397"
"Quant-Q4_K_M","7.18","397"
"Quant-Q4_K_M","7.44","397"
"Quant-Q4_K_M","7.7","397"
"Quant-Q4_K_M","7.97","397"
"Quant-Q4_K_M","8.26","3597"
"Quant-Q4_K_M","8.53","7355"
"Quant-Q4_K_M","8.79","7355"
"Quant-Q4_K_M","9.06","7355"
"Quant-Q4_K_M","9.34","7355"
"Quant-Q4_K_M","9.6","7355"
"Quant-Q4_K_M","9.88","7355"
"Quant-Q4_K_M","10.15","7355"
"Quant-Q4_K_M","10.43","7355"
"Quant-Q4_K_M","10.69","7355"
"Quant-Q4_K_M","11","7771"
"Quant-Q4_K_M","11.27","7735"
"Quant-Q4_K_M","11.57","7737"
"Quant-Q4_K_M","11.85","7745"
"Quant-Q4_K_M","12.11","7745"
"Quant-Q4_K_M","12.38","7745"
"Quant-Q4_K_M","12.64","7745"
"Quant-Q4_K_M","12.91","7745"
"Quant-Q4_K_M","13.19","7745"
"Quant-Q4_K_M","13.46","7745"
"Quant-Q4_K_M","13.72","7745"
"Quant-Q4_K_M","13.99","7745"
"Quant-Q4_K_M","14.25","7745"
"Quant-Q8_0","0.07","315"
"Quant-Q8_0","0.33","315"
"Quant-Q8_0","0.59","315"
"Quant-Q8_0","0.86","315"
"Quant-Q8_0","1.12","315"
"Quant-Q8_0","1.39","315"
"Quant-Q8_0","1.65","315"
"Quant-Q8_0","1.92","315"
"Quant-Q8_0","2.19","397"
"Quant-Q8_0","2.45","397"
"Quant-Q8_0","2.72","397"
"Quant-Q8_0","2.98","397"
"Quant-Q8_0","3.25","397"
"Quant-Q8_0","3.51","397"
"Quant-Q8_0","3.78","397"
"Quant-Q8_0","4.04","397"
"Quant-Q8_0","4.31","397"
"Quant-Q8_0","4.58","397"
"Quant-Q8_0","4.84","397"
"Quant-Q8_0","5.1","397"
"Quant-Q8_0","5.37","397"
"Quant-Q8_0","5.64","397"
"Quant-Q8_0","5.9","397"
"Quant-Q8_0","6.17","397"
"Quant-Q8_0","6.43","397"
"Quant-Q8_0","6.7","397"
"Quant-Q8_0","6.98","397"
"Quant-Q8_0","7.24","397"
"Quant-Q8_0","7.51","397"
"Quant-Q8_0","7.78","397"
"Quant-Q8_0","8.04","397"
"Quant-Q8_0","8.31","397"
"Quant-Q8_0","19.68","1549"
"Quant-Q8_0","19.98","4301"
"Quant-Q8_0","20.27","7757"
"Quant-Q8_0","20.55","7757"
"Quant-Q8_0","20.84","7757"
"Quant-Q8_0","21.17","7757"
"Quant-Q8_0","21.47","7757"
"Quant-Q8_0","21.8","7757"
"Quant-Q8_0","22.11","7757"
"Quant-Q8_0","22.38","7757"
"Quant-Q8_0","22.65","7757"
"Quant-Q8_0","22.94","7757"
"Quant-Q8_0","23.23","7757"
"Quant-Q8_0","23.5","7779"
"Quant-Q8_0","23.77","7779"
"Quant-Q8_0","24.03","7779"
"Quant-Q8_0","24.3","7779"
"Quant-Q8_0","24.57","7779"
"Quant-Q8_0","24.84","7779"
"Quant-Q8_0","25.1","7779"
"Quant-Q8_0","25.37","7779"
"Quant-Q8_0","25.65","7779"
"Quant-Q8_0","25.91","7779"
"Quant-Q8_0","26.18","7779"
"Quant-Q8_0","26.44","7779"
"Quant-Q8_0","26.71","7779"
"Quant-Q8_0","26.98","7779"
"Quant-Q8_0","27.26","7779"
"Quant-Q8_0","27.52","7779"
"Quant-Q8_0","27.8","7779"
"Quant-Q8_0","28.07","7779"
"Quant-Q8_0","28.34","7779"
"Quant-Q8_0","28.61","7779"
"Quant-Q8_0","28.88","7779"
"Quant-Q8_0","29.16","7779"
"Quant-Q8_0","29.42","7779"
"Quant-Q8_0","29.7","7779"
"Quant-Q8_0","29.98","7779"
"Quant-Q8_0","30.25","7779"
"Quant-Q8_0","30.51","7779"
"Quant-Q8_0","30.78","7779"
"Quant-Q8_0","31.04","7779"
"Quant-Q8_0","31.31","7779"
"Quant-Q8_0","31.58","7779"
"Quant-Q8_0","31.84","7779"
"Quant-Q8_0","32.11","7779"
"Quant-Q8_0","32.37","7779"
"Quant-Q8_0","32.64","7779"
"Quant-Q8_0","32.91","7779"
"Quant-Q8_0","33.18","7780"
"Quant-Q8_0","33.47","7780"
"Quant-Q8_0","33.73","7780"
"Quant-Q8_0","33.99","7780"
"Quant-Q8_0","34.26","7780"
"Quant-Q8_0","34.52","7780"
"Quant-Q8_0","34.79","7780"
"Quant-Q8_0","35.05","7780"
"Quant-Q8_0","35.32","7780"
"Quant-Q8_0","35.59","7780"
"Quant-Q8_0","35.85","7780"
"Quant-Q8_0","36.11","7780"
"Quant-Q8_0","36.39","7780"
"Quant-Q8_0","36.71","7780"
"Quant-Q8_0","36.97","7780"
"Quant-Q8_0","37.23","7780"
"Quant-Q8_0","37.5","7780"
"Quant-Q8_0","37.76","7780"
"Quant-Q8_0","38.03","7780"
"Quant-Q8_0","38.29","7780"
"Quant-Q8_0","38.56","7780"
"Quant-Q8_0","38.83","7780"
"Quant-Q8_0","39.09","7780"
"Quant-Q8_0","39.36","7780"
"Quant-Q8_0","39.63","7780"
"Quant-Q8_0","39.91","7780"
"Quant-Q8_0","40.17","7780"
"Quant-Q8_0","40.44","7780"
"Quant-Q8_0","40.71","7780"
"Quant-Q8_0","40.98","7780"
"Quant-Q8_0","41.24","7780"
"Quant-Q8_0","41.5","7780"
"Quant-Q8_0","41.77","7780"
"Quant-Q8_0","42.04","7780"
"Quant-Q8_0","42.3","7780"
"Quant-Q8_0","42.56","7780"
"Quant-Q8_0","42.9","7780"
"Quant-Q8_0","43.17","7812"
"Quant-Q8_0","43.47","7816"
"Quant-Q8_0","43.75","7816"
"Quant-Q8_0","44.01","7826"
"Quant-Q8_0","44.27","7781"
"Quant-Q8_0","44.54","7781"
"Quant-Q8_0","44.82","7781"
"Quant-Q8_0","45.1","7781"
"Quant-Q8_0","45.39","7783"
"Quant-Q8_0","45.69","7783"
"Quant-Q8_0","45.95","7783"
"Quant-Q8_0","46.23","7783"
"Quant-Q8_0","46.5","7783"
"Quant-Q8_0","46.76","7783"
"Quant-Q8_0","47.02","7783"
"Quant-Q8_0","47.29","7783"
"Quant-Q8_0","47.55","7783"
"Quant-Q8_0","47.83","7791"
"Quant-Q8_0","48.1","7791"
"Quant-Q8_0","48.36","7791"
"Quant-Q8_0","48.63","7791"
"Quant-Q8_0","48.91","7791"
"Quant-Q8_0","49.18","7791"
"Quant-Q8_0","49.45","7791"
"Quant-Q8_0","49.71","7791"
"Quant-Q8_0","50","7791"
"Quant-Q8_0","50.28","7791"
"Quant-Q8_0","50.54","7791"
"Quant-Q8_0","50.81","7791"
"Quant-Q8_0","51.08","7791"
"Quant-Q8_0","51.34","7791"
"Quant-Q8_0","51.61","7791"
"Quant-Q8_0","51.88","7791"
"Quant-Q8_0","52.14","7791"
"Quant-Q8_0","52.42","7791"
"Quant-Q8_0","52.69","7791"
"Quant-Q8_0","52.95","7791"
"Quant-Q8_0","53.21","7791"
"Quant-Q8_0","53.48","7791"
"Quant-Q8_0","53.74","7791"
"Quant-Q8_0","54.01","7791"
"Quant-Q8_0","54.27","7791"
"Quant-Q8_0","54.54","7791"
"Quant-Q8_0","54.8","7791"
"Quant-Q8_0","55.07","7791"
"Quant-Q8_0","55.35","7791"
"Quant-Q8_0","55.62","7791"
"Quant-Q8_0","55.9","7791"
"Quant-Q8_0","56.2","7791"
"Quant-Q8_0","56.5","7791"
"Quant-Q8_0","56.78","7793"
"Quant-Q8_0","57.06","7793"
"Quant-Q8_0","57.34","7793"
"Quant-Q8_0","57.63","7793"
"Quant-Q8_0","57.89","7793"
"Quant-Q8_0","58.15","7793"
"Quant-Q8_0","58.42","7793"
"Quant-Q8_0","58.72","7794"
"Quant-Q8_0","59.02","7794"
"Quant-Q8_0","59.34","7795"
"Quant-Q8_0","59.62","7797"
"Quant-Q8_0","59.99","7797"
"Quant-Q8_0","60.33","7797"
"Quant-Q8_0","60.63","7797"
"Quant-Q8_0","60.97","7797"
"Quant-Q8_0","61.27","7797"
"Quant-Q8_0","61.55","7801"
"Quant-Q8_0","61.85","7804"
"Quant-Q8_0","62.12","7804"
"Quant-Q8_0","62.41","7804"
"Quant-Q8_0","62.69","7804"
"Quant-Q8_0","62.95","7804"
"Quant-Q8_0","63.22","7804"
"Quant-Q8_0","63.49","7812"
"Quant-Q8_0","63.75","7812"
"Quant-Q8_0","64.02","7812"
"Quant-Q8_0","64.28","7812"
"Quant-Q8_0","64.55","7812"
"Quant-Q8_0","64.83","7812"
"Quant-Q8_0","65.1","7812"
"Quant-Q8_0","65.36","7812"
"Quant-Q8_0","65.63","7812"
"Quant-Q8_0","65.89","7812"
"Quant-Q8_0","66.16","7812"
"Quant-Q8_0","66.42","7812"
"Quant-Q8_0","66.69","7812"
"Quant-Q8_0","66.96","7812"
"Quant-Q8_0","67.23","7812"
"Quant-Q8_0","67.48","7812"
"Quant-Q8_0","67.75","7812"
"Quant-Q8_0","68.01","7812"
"Quant-Q8_0","68.28","7813"
"Quant-Q8_0","68.55","7813"
"Quant-Q8_0","68.82","7813"
"Quant-Q8_0","69.27","7813"
"Quant-Q8_0","69.53","7813"
"Quant-Q8_0","69.83","7814"
"Quant-Q8_0","70.09","7814"
"Quant-Q8_0","70.37","7814"
"Quant-Q8_0","70.62","7814"
"Quant-Q8_0","70.89","7814"
"Quant-Q8_0","71.16","7814"
"Quant-Q8_0","71.42","7814"
"Quant-Q8_0","71.69","7815"
"Quant-Q8_0","71.95","7818"
"Quant-Q8_0","72.24","7819"
"Quant-Q8_0","72.51","7819"
"Quant-Q8_0","72.77","7819"
"Quant-Q8_0","73.03","7819"
"Quant-Q8_0","73.3","7819"
"Quant-Q8_0","73.57","7819"
"Quant-Q8_0","73.83","7819"
"Quant-Q8_0","74.1","7819"
"Quant-Q8_0","74.36","7819"
"Quant-Q8_0","74.63","7819"
"Quant-Q8_0","74.89","7819"
"Quant-Q8_0","75.16","7819"
"Quant-Q8_0","75.42","7819"
"Quant-Q8_0","75.69","7819"
"Quant-Q8_0","75.96","7819"
"Quant-Q8_0","76.22","7819"
"Quant-Q8_0","76.48","7819"
"Quant-Q8_0","76.75","7819"
"Quant-Q8_0","77.01","7819"
"Quant-Q8_0","77.28","7819"
"Quant-Q8_0","77.55","7819"
"Quant-Q8_0","77.81","7819"
"Quant-Q8_0","78.07","7819"
"Quant-Q8_0","78.34","7819"
"Quant-Q8_0","78.6","7819"
"Quant-Q8_0","78.86","7819"
"Quant-Q8_0","79.14","7819"
"Quant-Q8_0","79.42","7819"
"Quant-Q8_0","79.7","7819"
"Quant-Q8_0","79.98","7819"
"Quant-Q8_0","80.25","7819"
"Quant-Q8_0","80.53","7819"
"Quant-Q8_0","80.79","7819"
"Quant-Q8_0","81.06","7819"
"Quant-Q8_0","81.33","7819"
"Quant-Q8_0","81.61","7819"
"Quant-Q8_0","81.88","7819"
"Quant-Q8_0","82.14","7819"
"Quant-Q8_0","82.42","7819"
"Quant-Q8_0","82.69","7819"
"Quant-Q8_0","82.95","7819"
"Quant-Q8_0","83.21","7825"
"Quant-Q8_0","83.49","7825"
"Quant-Q8_0","83.76","7825"
"Quant-Q8_0","84.03","7825"
"Quant-Q8_0","84.29","7826"
"Quant-Q8_0","84.56","7826"
"Quant-Q8_0","84.86","7826"
"Quant-Q8_0","85.12","7824"
"Quant-Q8_0","85.39","7824"
"Quant-Q8_0","85.65","7824"
"Quant-Q8_0","85.92","7824"
"Quant-Q8_0","86.18","7824"
"Quant-Q8_0","86.45","7824"
"Quant-Q8_0","86.72","7824"
"Quant-Q8_0","86.98","7824"
"Quant-Q8_0","87.26","7824"
"Quant-Q8_0","87.51","7824"
"Quant-Q8_0","87.79","7824"
"Quant-Q8_0","88.05","7824"
"Quant-Q8_0","88.31","7824"
"Quant-Q8_0","88.58","7824"
"Quant-Q8_0","88.84","7824"
"Quant-Q8_0","89.11","7824"
"Quant-Q8_0","89.38","7824"
"Quant-Q8_0","89.64","7824"
"Quant-Q8_0","89.92","7824"
"Quant-Q8_0","90.19","7824"
"Quant-Q8_0","90.46","7824"
"Quant-Q8_0","90.74","7824"
"Quant-Q8_0","91.01","7824"
"Quant-Q8_0","91.28","7824"
"Quant-Q8_0","91.55","7824"
"Quant-Q8_0","91.81","7824"
"Quant-Q8_0","92.08","7824"
"Quant-Q8_0","92.35","7824"
"Quant-Q8_0","92.63","7824"
"Quant-Q8_0","92.91","7824"
"Quant-Q8_0","93.19","7824"
"Quant-Q8_0","93.46","7824"
"Quant-Q8_0","93.74","7824"
"Quant-Q8_0","94.02","7824"
"Quant-Q8_0","94.29","7824"
"Quant-Q8_0","94.55","7824"
"Quant-Q8_0","94.83","7824"
"Quant-Q8_0","95.1","7824"
"Quant-Q8_0","95.37","7824"
"Quant-Q8_0","95.64","7824"
"Quant-Q8_0","95.9","7824"
"Quant-Q8_0","96.16","7824"
"Quant-Q8_0","96.43","7824"
"Quant-Q8_0","96.69","7824"
"Quant-Q8_0","96.96","7824"
"Quant-Q8_0","97.23","7824"
"Quant-Q8_0","97.49","7824"
"Quant-Q8_0","97.77","7824"
"Quant-Q8_0","98.01","7824"
"Quant-Q8_0","98.29","7824"
"Quant-Q8_0","98.59","7824"
"Quant-Q8_0","99.54","7824"
"NGL-0","0.08","354"
"NGL-0","0.35","354"
"NGL-0","0.63","354"
"NGL-0","0.9","354"
"NGL-0","1.16","354"
"NGL-0","1.42","354"
"NGL-0","1.69","354"
"NGL-0","1.96","354"
"NGL-0","2.22","354"
"NGL-0","2.49","354"
"NGL-0","2.75","354"
"NGL-0","3.02","436"
"NGL-0","3.28","436"
"NGL-0","3.55","436"
"NGL-0","3.82","436"
"NGL-0","4.08","436"
"NGL-0","4.34","436"
"NGL-0","4.61","436"
"NGL-0","4.87","436"
"NGL-0","5.14","436"
"NGL-0","5.41","436"
"NGL-0","5.67","436"
"NGL-0","5.94","436"
"NGL-0","6.21","436"
"NGL-0","6.48","436"
"NGL-0","6.74","436"
"NGL-0","7","436"
"NGL-0","7.27","436"
"NGL-0","7.53","436"
"NGL-0","7.82","436"
"NGL-0","8.08","436"
"NGL-0","8.36","436"
"NGL-0","8.64","436"
"NGL-0","8.92","436"
"NGL-0","9.22","436"
"NGL-0","9.51","436"
"NGL-0","9.86","436"
"NGL-0","10.15","436"
"NGL-0","10.43","436"
"NGL-0","10.71","436"
"NGL-0","10.98","436"
"NGL-0","11.24","436"
"NGL-0","11.51","436"
"NGL-0","11.77","436"
"NGL-0","12.06","1746"
"NGL-0","12.34","1746"
"NGL-0","12.63","1746"
"NGL-0","12.91","1746"
"NGL-0","13.19","1746"
"NGL-0","13.47","1746"
"NGL-0","13.76","1746"
"NGL-0","14.04","1746"
"NGL-0","14.33","1746"
"NGL-0","14.6","1758"
"NGL-0","14.87","1758"
"NGL-0","15.13","1758"
"NGL-0","15.4","1758"
"NGL-0","15.69","1758"
"NGL-0","16","1758"
"NGL-0","16.3","1758"
"NGL-0","16.6","1758"
"NGL-0","16.9","1758"
"NGL-0","17.19","1758"
"NGL-0","17.49","1758"
"NGL-0","17.81","1758"
"NGL-0","18.11","1758"
"NGL-0","18.42","1758"
"NGL-0","18.72","1758"
"NGL-0","19.02","1758"
"NGL-0","19.33","1758"
"NGL-0","19.65","1758"
"NGL-0","19.98","1758"
"NGL-0","20.27","1758"
"NGL-0","20.59","1758"
"NGL-0","20.9","1758"
"NGL-0","21.21","1758"
"NGL-0","21.53","1758"
"NGL-0","21.83","1758"
"NGL-0","22.15","1758"
"NGL-0","22.45","1758"
"NGL-0","22.75","1758"
"NGL-0","23.05","1758"
"NGL-0","23.36","1758"
"NGL-0","23.66","1758"
"NGL-0","23.96","1758"
"NGL-0","24.27","1758"
"NGL-0","24.57","1758"
"NGL-0","24.89","1758"
"NGL-0","25.2","1758"
"NGL-0","25.49","1758"
"NGL-0","25.79","1758"
"NGL-0","26.11","1758"
"NGL-0","26.41","1758"
"NGL-0","26.73","1758"
"NGL-0","27.04","1758"
"NGL-0","27.35","1758"
"NGL-0","27.68","1758"
"NGL-0","28.01","1758"
"NGL-0","28.35","1758"
"NGL-0","28.67","1758"
"NGL-0","28.99","1758"
"NGL-0","29.31","1760"
"NGL-0","29.64","1760"
"NGL-0","29.96","1760"
"NGL-0","30.27","1760"
"NGL-0","30.6","1760"
"NGL-0","30.96","1760"
"NGL-0","31.27","1760"
"NGL-0","31.57","1760"
"NGL-0","31.88","1760"
"NGL-0","32.18","1760"
"NGL-0","32.49","1760"
"NGL-0","32.79","1760"
"NGL-0","33.09","1760"
"NGL-0","33.39","1760"
"NGL-0","33.7","1760"
"NGL-0","34.01","1760"
"NGL-0","34.32","1760"
"NGL-0","34.62","1760"
"NGL-0","34.94","1760"
"NGL-0","35.24","1760"
"NGL-0","35.55","1760"
"NGL-0","35.86","1760"
"NGL-0","36.16","1760"
"NGL-0","36.48","1760"
"NGL-0","36.79","1760"
"NGL-0","37.11","1760"
"NGL-0","37.41","1760"
"NGL-0","37.74","1760"
"NGL-0","38.05","1760"
"NGL-0","38.35","1760"
"NGL-0","38.67","1760"
"NGL-0","38.98","1760"
"NGL-0","39.29","1760"
"NGL-0","39.59","1760"
"NGL-0","39.91","1760"
"NGL-0","40.22","1760"
"NGL-0","40.52","1760"
"NGL-0","40.82","1760"
"NGL-0","41.11","1760"
"NGL-0","41.41","1760"
"NGL-0","41.73","1760"
"NGL-0","42.04","1760"
"NGL-0","42.34","1760"
"NGL-0","42.65","1760"
"NGL-0","42.95","1760"
"NGL-0","43.25","1760"
"NGL-0","43.55","1760"
"NGL-0","43.84","1760"
"NGL-0","44.14","1760"
"NGL-0","44.45","1760"
"NGL-0","44.75","1760"
"NGL-0","45.05","1760"
"NGL-0","45.36","1760"
"NGL-0","45.66","1760"
"NGL-0","45.96","1760"
"NGL-0","46.26","1760"
"NGL-0","46.56","1760"
"NGL-0","46.86","1760"
"NGL-0","47.17","1760"
"NGL-0","47.52","1760"
"NGL-0","47.83","1760"
"NGL-0","48.15","1760"
"NGL-0","48.44","1760"
"NGL-0","48.75","1760"
"NGL-0","49.05","1760"
"NGL-0","49.35","1760"
"NGL-0","49.66","1760"
"NGL-0","50","1760"
"NGL-0","50.31","1760"
"NGL-0","50.61","1760"
"NGL-0","50.91","1760"
"NGL-0","51.2","1760"
"NGL-0","51.5","1760"
"NGL-0","51.8","1760"
"NGL-0","52.1","1760"
"NGL-0","52.4","1760"
"NGL-0","52.71","1760"
"NGL-0","53.02","1760"
"NGL-0","53.32","1760"
"NGL-0","53.63","1760"
"NGL-0","53.95","1760"
"NGL-0","54.26","1760"
"NGL-0","54.56","1760"
"NGL-0","54.85","1760"
"NGL-0","55.15","1760"
"NGL-0","55.45","1760"
"NGL-0","55.77","1760"
"NGL-0","56.08","1760"
"NGL-0","56.37","1760"
"NGL-0","56.66","1760"
"NGL-0","56.97","1760"
"NGL-0","57.27","1760"
"NGL-0","57.59","1760"
"NGL-0","57.9","1760"
"NGL-0","58.23","1760"
"NGL-0","58.54","1760"
"NGL-0","58.85","1760"
"NGL-0","59.15","1760"
"NGL-0","59.45","1760"
"NGL-0","59.75","1760"
"NGL-0","60.08","1760"
"NGL-0","60.39","1760"
"NGL-0","60.69","1760"
"NGL-0","61","1760"
"NGL-0","61.3","1760"
"NGL-0","61.61","1760"
"NGL-0","61.92","1760"
"NGL-0","62.22","1760"
"NGL-1","0.06","355"
"NGL-1","0.34","355"
"NGL-1","0.61","355"
"NGL-1","0.87","355"
"NGL-1","1.14","355"
"NGL-1","1.41","355"
"NGL-1","1.68","355"
"NGL-1","1.95","438"
"NGL-1","2.2","438"
"NGL-1","2.46","438"
"NGL-1","2.74","438"
"NGL-1","3","438"
"NGL-1","3.25","438"
"NGL-1","3.51","438"
"NGL-1","3.78","438"
"NGL-1","4.05","438"
"NGL-1","4.31","438"
"NGL-1","4.58","438"
"NGL-1","4.84","438"
"NGL-1","5.11","438"
"NGL-1","5.38","438"
"NGL-1","5.64","438"
"NGL-1","5.91","438"
"NGL-1","6.17","438"
"NGL-1","6.44","438"
"NGL-1","6.7","438"
"NGL-1","6.97","438"
"NGL-1","7.24","438"
"NGL-1","7.5","438"
"NGL-1","7.76","1226"
"NGL-1","8.02","1226"
"NGL-1","8.32","1748"
"NGL-1","8.6","1748"
"NGL-1","8.88","1748"
"NGL-1","9.16","1748"
"NGL-1","9.45","1748"
"NGL-1","9.73","1748"
"NGL-1","10.03","1748"
"NGL-1","10.32","1758"
"NGL-1","10.58","1760"
"NGL-1","10.85","1760"
"NGL-1","11.11","1760"
"NGL-1","11.39","1760"
"NGL-1","11.7","1760"
"NGL-1","12","1760"
"NGL-1","12.28","1760"
"NGL-1","12.56","1760"
"NGL-1","12.84","1760"
"NGL-1","13.15","1760"
"NGL-1","13.45","1760"
"NGL-1","13.73","1760"
"NGL-1","14.05","1760"
"NGL-1","14.39","1760"
"NGL-1","14.69","1760"
"NGL-1","14.99","1760"
"NGL-1","15.29","1760"
"NGL-1","15.58","1760"
"NGL-1","15.87","1760"
"NGL-1","16.17","1760"
"NGL-1","16.46","1760"
"NGL-1","16.76","1760"
"NGL-1","17.06","1760"
"NGL-1","17.34","1760"
"NGL-1","17.64","1760"
"NGL-1","17.94","1760"
"NGL-1","18.26","1760"
"NGL-1","18.57","1760"
"NGL-1","18.86","1760"
"NGL-1","19.17","1760"
"NGL-1","19.46","1760"
"NGL-1","19.76","1760"
"NGL-1","20.08","1760"
"NGL-1","20.39","1760"
"NGL-1","20.67","1760"
"NGL-1","20.98","1760"
"NGL-1","21.3","1760"
"NGL-1","21.6","1760"
"NGL-1","21.91","1760"
"NGL-1","22.21","1760"
"NGL-1","22.52","1760"
"NGL-1","22.82","1760"
"NGL-1","23.12","1760"
"NGL-1","23.4","1760"
"NGL-1","23.7","1760"
"NGL-1","24","1760"
"NGL-1","24.3","1760"
"NGL-1","24.61","1760"
"NGL-1","24.91","1760"
"NGL-1","25.22","1760"
"NGL-1","25.52","1760"
"NGL-1","25.82","1760"
"NGL-1","26.12","1760"
"NGL-1","26.41","1760"
"NGL-1","26.71","1760"
"NGL-1","27.02","1760"
"NGL-1","27.33","1760"
"NGL-1","27.64","1760"
"NGL-1","27.95","1760"
"NGL-1","28.25","1760"
"NGL-1","28.56","1760"
"NGL-1","28.85","1760"
"NGL-1","29.15","1760"
"NGL-1","29.45","1760"
"NGL-1","29.76","1760"
"NGL-1","30.06","1760"
"NGL-1","30.37","1760"
"NGL-1","30.68","1760"
"NGL-1","31","1760"
"NGL-1","31.34","1760"
"NGL-1","31.65","1760"
"NGL-1","31.96","1760"
"NGL-1","32.27","1760"
"NGL-1","32.57","1760"
"NGL-1","32.87","1760"
"NGL-1","33.16","1760"
"NGL-1","33.45","1760"
"NGL-1","33.74","1760"
"NGL-1","34.04","1760"
"NGL-1","34.42","1760"
"NGL-1","34.73","1760"
"NGL-1","35.04","1760"
"NGL-1","35.34","1760"
"NGL-1","35.65","1760"
"NGL-1","35.96","1760"
"NGL-1","36.26","1760"
"NGL-1","36.55","1760"
"NGL-1","36.85","1760"
"NGL-1","37.16","1760"
"NGL-1","37.46","1760"
"NGL-1","37.76","1760"
"NGL-1","38.07","1760"
"NGL-1","38.37","1760"
"NGL-1","38.67","1760"
"NGL-1","38.95","1760"
"NGL-1","39.24","1760"
"NGL-1","39.54","1760"
"NGL-1","39.87","1760"
"NGL-1","40.18","1760"
"NGL-1","40.48","1760"
"NGL-1","40.77","1760"
"NGL-1","41.08","1760"
"NGL-1","41.37","1760"
"NGL-1","41.68","1760"
"NGL-1","41.97","1760"
"NGL-1","42.27","1760"
"NGL-1","42.55","1760"
"NGL-1","42.86","1760"
"NGL-1","43.16","1760"
"NGL-1","43.46","1760"
"NGL-1","43.76","1760"
"NGL-1","44.06","1760"
"NGL-1","44.52","1764"
"NGL-1","44.89","1765"
"NGL-1","45.2","1765"
"NGL-1","45.51","1765"
"NGL-1","45.8","1765"
"NGL-1","46.1","1765"
"NGL-1","46.41","1769"
"NGL-1","46.71","1769"
"NGL-1","47.04","1769"
"NGL-1","47.35","1769"
"NGL-1","47.67","1769"
"NGL-1","47.97","1769"
"NGL-1","48.28","1769"
"NGL-1","48.62","1769"
"NGL-1","48.93","1769"
"NGL-1","49.23","1769"
"NGL-1","49.51","1769"
"NGL-1","49.85","1769"
"NGL-1","50.14","1769"
"NGL-1","50.45","1769"
"NGL-1","50.75","1769"
"NGL-1","51.05","1769"
"NGL-1","51.35","1769"
"NGL-1","51.66","1769"
"NGL-1","51.97","1769"
"NGL-1","52.28","1769"
"NGL-1","52.58","1769"
"NGL-1","52.88","1769"
"NGL-1","53.18","1769"
"NGL-1","53.5","1769"
"NGL-1","53.81","1769"
"NGL-1","54.11","1769"
"NGL-1","54.43","1769"
"NGL-1","54.75","1769"
"NGL-1","55.06","1769"
"NGL-1","55.37","1769"
"NGL-1","55.67","1769"
"NGL-1","55.98","1769"
"NGL-1","56.29","1769"
"NGL-1","56.59","1769"
"NGL-1","56.89","1769"
"NGL-1","57.2","1769"
"NGL-1","57.51","1769"
"NGL-1","57.79","1769"
"NGL-1","58.09","1769"
"NGL-1","58.41","1769"
"NGL-1","58.72","1769"
"NGL-1","59.02","1769"
"NGL-1","59.31","1769"
"NGL-1","59.64","1769"
"NGL-16","0.05","365"
"NGL-16","0.32","365"
"NGL-16","0.59","365"
"NGL-16","0.85","365"
"NGL-16","1.12","365"
"NGL-16","1.39","365"
"NGL-16","1.65","365"
"NGL-16","1.92","365"
"NGL-16","2.19","447"
"NGL-16","2.45","447"
"NGL-16","2.71","447"
"NGL-16","2.98","447"
"NGL-16","3.26","447"
"NGL-16","3.52","447"
"NGL-16","3.79","447"
"NGL-16","4.05","447"
"NGL-16","4.32","447"
"NGL-16","4.58","447"
"NGL-16","4.85","447"
"NGL-16","5.12","447"
"NGL-16","5.38","447"
"NGL-16","5.64","447"
"NGL-16","5.91","447"
"NGL-16","6.18","447"
"NGL-16","6.44","447"
"NGL-16","6.71","447"
"NGL-16","6.97","447"
"NGL-16","7.26","2751"
"NGL-16","7.52","3187"
"NGL-16","7.78","3187"
"NGL-16","8.05","3187"
"NGL-16","8.33","3235"
"NGL-16","8.62","3901"
"NGL-16","8.9","3901"
"NGL-16","9.19","3901"
"NGL-16","9.47","3901"
"NGL-16","9.77","3901"
"NGL-16","10.06","3911"
"NGL-16","10.34","3913"
"NGL-16","10.61","3913"
"NGL-16","10.87","3913"
"NGL-16","11.21","3913"
"NGL-16","11.51","3913"
"NGL-16","11.82","3913"
"NGL-16","12.13","3917"
"NGL-16","12.44","3917"
"NGL-16","12.75","3917"
"NGL-16","13.06","3917"
"NGL-16","13.38","3917"
"NGL-16","13.69","3917"
"NGL-16","14.01","3917"
"NGL-16","14.3","3917"
"NGL-16","14.61","3917"
"NGL-16","14.92","3917"
"NGL-16","15.22","3917"
"NGL-16","15.52","3917"
"NGL-16","15.82","3917"
"NGL-16","16.13","3917"
"NGL-16","16.44","3917"
"NGL-16","16.74","3917"
"NGL-16","17.06","3917"
"NGL-16","17.36","3917"
"NGL-16","17.67","3917"
"NGL-16","17.97","3917"
"NGL-16","18.27","3917"
"NGL-16","18.57","3917"
"NGL-16","18.87","3917"
"NGL-16","19.18","3917"
"NGL-16","19.49","3917"
"NGL-16","19.77","3917"
"NGL-16","20.09","3917"
"NGL-16","20.38","3917"
"NGL-16","20.69","3917"
"NGL-16","20.98","3917"
"NGL-16","21.28","3917"
"NGL-16","21.59","3917"
"NGL-16","21.9","3917"
"NGL-16","22.21","3917"
"NGL-16","22.51","3917"
"NGL-16","22.81","3917"
"NGL-16","23.14","3917"
"NGL-16","23.46","3917"
"NGL-16","23.77","3917"
"NGL-16","24.07","3917"
"NGL-16","24.38","3917"
"NGL-16","24.68","3917"
"NGL-16","24.97","3917"
"NGL-16","25.27","3917"
"NGL-16","25.57","3917"
"NGL-16","25.89","3917"
"NGL-16","26.18","3917"
"NGL-16","26.48","3917"
"NGL-16","26.79","3917"
"NGL-16","27.09","3917"
"NGL-16","27.35","3917"
"NGL-16","27.65","3917"
"NGL-16","27.93","3917"
"NGL-16","28.25","3917"
"NGL-16","28.55","3917"
"NGL-16","28.85","3917"
"NGL-16","29.16","3917"
"NGL-16","29.47","3917"
"NGL-16","29.79","3917"
"NGL-16","30.12","3917"
"NGL-16","30.43","3917"
"NGL-16","30.74","3917"
"NGL-16","31.05","3917"
"NGL-16","31.35","3917"
"NGL-16","31.64","3917"
"NGL-16","31.93","3917"
"NGL-16","32.23","3917"
"NGL-16","32.54","3917"
"NGL-16","32.85","3917"
"NGL-16","33.17","3917"
"NGL-16","33.58","3917"
"NGL-16","33.91","3917"
"NGL-16","34.24","3917"
"NGL-16","34.56","3917"
"NGL-16","34.84","3917"
"NGL-16","35.14","3917"
"NGL-16","35.43","3917"
"NGL-16","35.74","3917"
"NGL-16","36.04","3917"
"NGL-16","36.33","3917"
"NGL-16","36.64","3917"
"NGL-16","36.95","3917"
"NGL-16","37.27","3917"
"NGL-16","37.54","3917"
"NGL-16","37.85","3917"
"NGL-16","38.14","3917"
"NGL-16","38.44","3917"
"NGL-16","38.74","3917"
"NGL-16","39.04","3917"
"NGL-16","39.34","3917"
"NGL-16","39.65","3917"
"NGL-16","39.97","3917"
"NGL-16","40.27","3917"
"NGL-16","40.57","3917"
"NGL-16","40.88","3917"
"NGL-16","41.18","3917"
"NGL-16","41.48","3917"
"NGL-16","41.8","3917"
"NGL-16","42.1","3917"
"NGL-16","42.4","3917"
"NGL-16","42.73","3917"
"NGL-16","43.03","3917"
"NGL-16","43.44","3917"
"NGL-16","43.73","3917"
"NGL-16","44.03","3917"
"NGL-16","44.34","3917"
"NGL-16","44.66","3917"
"NGL-16","44.97","3917"
"NGL-16","45.26","3917"
"NGL-16","45.56","3917"
"NGL-16","45.86","365"
"NGL-999","0.07","365"
"NGL-999","0.34","365"
"NGL-999","0.61","365"
"NGL-999","0.87","365"
"NGL-999","1.14","365"
"NGL-999","1.4","365"
"NGL-999","1.67","365"
"NGL-999","1.93","447"
"NGL-999","2.2","447"
"NGL-999","2.46","447"
"NGL-999","2.74","447"
"NGL-999","2.99","447"
"NGL-999","3.26","447"
"NGL-999","3.52","447"
"NGL-999","3.79","447"
"NGL-999","4.05","447"
"NGL-999","4.32","447"
"NGL-999","4.59","447"
"NGL-999","4.86","447"
"NGL-999","5.13","447"
"NGL-999","5.39","447"
"NGL-999","5.64","447"
"NGL-999","5.95","447"
"NGL-999","6.22","447"
"NGL-999","6.51","447"
"NGL-999","6.76","447"
"NGL-999","7.03","447"
"NGL-999","7.33","5247"
"NGL-999","7.59","7405"
"NGL-999","7.86","7405"
"NGL-999","8.14","7405"
"NGL-999","8.41","7405"
"NGL-999","8.67","7405"
"NGL-999","8.94","7405"
"NGL-999","9.2","7405"
"NGL-999","9.47","7405"
"NGL-999","9.74","7821"
"NGL-999","10.06","7821"
"NGL-999","10.33","7785"
"NGL-999","10.6","7787"
"NGL-999","10.86","7795"
"NGL-999","11.12","7795"
"NGL-999","11.39","7795"
"NGL-999","11.66","7795"
"NGL-999","11.92","7795"
"NGL-999","12.19","7795"
"NGL-999","12.45","7795"
"NGL-999","12.72","7795"
"NGL-999","12.99","7795"
"NGL-999","13.25","7795"
"CTX-2048","0.06","365"
"CTX-2048","0.33","365"
"CTX-2048","0.6","365"
"CTX-2048","0.86","365"
"CTX-2048","1.13","365"
"CTX-2048","1.39","365"
"CTX-2048","1.66","365"
"CTX-2048","1.93","383"
"CTX-2048","2.19","447"
"CTX-2048","2.46","447"
"CTX-2048","2.74","447"
"CTX-2048","3","447"
"CTX-2048","3.27","447"
"CTX-2048","3.53","447"
"CTX-2048","3.8","447"
"CTX-2048","4.07","447"
"CTX-2048","4.33","447"
"CTX-2048","4.63","447"
"CTX-2048","4.89","447"
"CTX-2048","5.16","447"
"CTX-2048","5.42","447"
"CTX-2048","5.69","447"
"CTX-2048","5.96","447"
"CTX-2048","6.22","447"
"CTX-2048","6.49","447"
"CTX-2048","6.75","447"
"CTX-2048","7.02","447"
"CTX-2048","7.29","447"
"CTX-2048","7.55","447"
"CTX-2048","7.82","447"
"CTX-2048","8.09","4543"
"CTX-2048","8.36","7405"
"CTX-2048","8.62","7406"
"CTX-2048","8.89","7406"
"CTX-2048","9.16","7406"
"CTX-2048","9.41","7406"
"CTX-2048","9.67","7406"
"CTX-2048","9.94","7406"
"CTX-2048","10.21","7406"
"CTX-2048","10.47","7406"
"CTX-2048","10.74","7406"
"CTX-2048","11.01","7406"
"CTX-2048","11.3","7830"
"CTX-2048","11.59","7788"
"CTX-2048","11.86","7796"
"CTX-2048","12.13","7796"
"CTX-2048","12.41","7796"
"CTX-2048","12.67","7796"
"CTX-2048","12.94","7796"
"CTX-2048","13.2","7796"
"CTX-2048","13.47","7796"
"CTX-2048","13.74","7796"
"CTX-2048","14","7796"
"CTX-2048","14.29","7796"
"CTX-2048","14.55","7796"
"CTX-4096","0.07","365"
"CTX-4096","0.34","365"
"CTX-4096","0.61","365"
"CTX-4096","0.88","365"
"CTX-4096","1.16","365"
"CTX-4096","1.43","365"
"CTX-4096","1.69","365"
"CTX-4096","1.96","365"
"CTX-4096","2.24","448"
"CTX-4096","2.51","448"
"CTX-4096","2.77","448"
"CTX-4096","3.04","448"
"CTX-4096","3.3","448"
"CTX-4096","3.57","448"
"CTX-4096","3.84","448"
"CTX-4096","4.11","448"
"CTX-4096","4.37","448"
"CTX-4096","4.64","448"
"CTX-4096","4.91","448"
"CTX-4096","5.17","448"
"CTX-4096","5.44","448"
"CTX-4096","5.7","448"
"CTX-4096","5.98","448"
"CTX-4096","6.24","448"
"CTX-4096","6.53","448"
"CTX-4096","6.79","448"
"CTX-4096","7.06","448"
"CTX-4096","7.32","448"
"CTX-4096","7.59","448"
"CTX-4096","7.86","7406"
"CTX-4096","8.12","7406"
"CTX-4096","8.39","7406"
"CTX-4096","8.65","7406"
"CTX-4096","8.92","7406"
"CTX-4096","9.18","7406"
"CTX-4096","9.45","7406"
"CTX-4096","9.72","7406"
"CTX-4096","10","7406"
"CTX-4096","10.28","7822"
"CTX-4096","10.58","7788"
"CTX-4096","10.84","7788"
"CTX-4096","11.11","7796"
"CTX-4096","11.39","7796"
"CTX-4096","11.65","7796"
"CTX-4096","11.92","7796"
"CTX-4096","12.19","7796"
"CTX-4096","12.45","7796"
"CTX-4096","12.72","7796"
"CTX-4096","12.98","7796"
"CTX-4096","13.25","7796"
"CTX-4096","13.51","7796"
"CTX-4096","13.78","7796"
"CTX-8192","0.07","365"
"CTX-8192","0.34","365"
"CTX-8192","0.6","365"
"CTX-8192","0.87","365"
"CTX-8192","1.13","365"
"CTX-8192","1.4","365"
"CTX-8192","1.7","365"
"CTX-8192","2","374"
"CTX-8192","2.26","448"
"CTX-8192","2.53","448"
"CTX-8192","2.81","448"
"CTX-8192","3.07","448"
"CTX-8192","3.34","448"
"CTX-8192","3.6","448"
"CTX-8192","3.87","448"
"CTX-8192","4.14","448"
"CTX-8192","4.4","448"
"CTX-8192","4.67","448"
"CTX-8192","4.93","448"
"CTX-8192","5.2","448"
"CTX-8192","5.47","448"
"CTX-8192","5.73","448"
"CTX-8192","6","448"
"CTX-8192","6.27","448"
"CTX-8192","6.53","448"
"CTX-8192","6.8","448"
"CTX-8192","7.06","448"
"CTX-8192","7.33","1920"
"CTX-8192","7.6","7406"
"CTX-8192","7.87","7406"
"CTX-8192","8.15","7406"
"CTX-8192","8.41","7406"
"CTX-8192","8.68","7406"
"CTX-8192","8.95","7406"
"CTX-8192","9.21","7406"
"CTX-8192","9.47","7406"
"CTX-8192","9.74","7406"
"CTX-8192","10.02","7726"
"CTX-8192","10.31","7822"
"CTX-8192","10.58","7786"
"CTX-8192","10.85","7788"
"CTX-8192","11.11","7788"
"CTX-8192","11.38","7796"
"CTX-8192","11.82","7796"
"CTX-8192","12.08","7796"
"CTX-8192","12.36","7796"
"CTX-8192","12.62","7796"
"CTX-8192","12.88","7796"
"CTX-8192","13.15","7796"
"CTX-8192","13.43","7796"
"CTX-8192","13.68","7796"
"CTX-8192","13.95","7796"
"CTX-8192","14.21","7796"
"CTX-8192","14.48","7796"
"KV-Offload-ON","0.05","365"
"KV-Offload-ON","0.32","365"
"KV-Offload-ON","0.58","365"
"KV-Offload-ON","0.85","365"
"KV-Offload-ON","1.11","365"
"KV-Offload-ON","1.38","365"
"KV-Offload-ON","1.65","365"
"KV-Offload-ON","1.91","365"
"KV-Offload-ON","2.18","448"
"KV-Offload-ON","2.44","448"
"KV-Offload-ON","2.71","448"
"KV-Offload-ON","2.97","448"
"KV-Offload-ON","3.24","448"
"KV-Offload-ON","3.5","448"
"KV-Offload-ON","3.76","448"
"KV-Offload-ON","4.03","448"
"KV-Offload-ON","4.28","448"
"KV-Offload-ON","4.54","448"
"KV-Offload-ON","4.81","448"
"KV-Offload-ON","5.07","448"
"KV-Offload-ON","5.34","448"
"KV-Offload-ON","5.61","448"
"KV-Offload-ON","5.87","448"
"KV-Offload-ON","6.14","448"
"KV-Offload-ON","6.42","448"
"KV-Offload-ON","6.69","448"
"KV-Offload-ON","6.96","448"
"KV-Offload-ON","7.22","448"
"KV-Offload-ON","7.5","1536"
"KV-Offload-ON","7.77","7406"
"KV-Offload-ON","8.04","7406"
"KV-Offload-ON","8.28","7406"
"KV-Offload-ON","8.54","7406"
"KV-Offload-ON","8.78","7406"
"KV-Offload-ON","9.05","7406"
"KV-Offload-ON","9.32","7406"
"KV-Offload-ON","9.58","7406"
"KV-Offload-ON","9.86","7406"
"KV-Offload-ON","10.13","7786"
"KV-Offload-ON","10.41","7788"
"KV-Offload-ON","10.68","7796"
"KV-Offload-ON","10.98","7796"
"KV-Offload-ON","11.25","7796"
"KV-Offload-ON","11.51","7796"
"KV-Offload-ON","11.8","7796"
"KV-Offload-ON","12.06","7796"
"KV-Offload-ON","12.32","7796"
"KV-Offload-ON","12.59","7796"
"KV-Offload-ON","12.86","7796"
"KV-Offload-ON","13.13","7796"
"KV-Offload-ON","13.39","7796"
"KV-Offload-OFF","0.05","365"
"KV-Offload-OFF","0.31","365"
"KV-Offload-OFF","0.58","365"
"KV-Offload-OFF","0.84","365"
"KV-Offload-OFF","1.11","365"
"KV-Offload-OFF","1.37","365"
"KV-Offload-OFF","1.64","365"
"KV-Offload-OFF","1.91","365"
"KV-Offload-OFF","2.17","448"
"KV-Offload-OFF","2.44","448"
"KV-Offload-OFF","2.7","448"
"KV-Offload-OFF","2.97","448"
"KV-Offload-OFF","3.24","448"
"KV-Offload-OFF","3.51","448"
"KV-Offload-OFF","3.77","448"
"KV-Offload-OFF","4.03","448"
"KV-Offload-OFF","4.3","448"
"KV-Offload-OFF","4.57","448"
"KV-Offload-OFF","4.83","448"
"KV-Offload-OFF","5.1","448"
"KV-Offload-OFF","5.36","448"
"KV-Offload-OFF","5.63","448"
"KV-Offload-OFF","5.89","448"
"KV-Offload-OFF","6.16","448"
"KV-Offload-OFF","6.43","448"
"KV-Offload-OFF","6.7","448"
"KV-Offload-OFF","6.96","448"
"KV-Offload-OFF","7.21","448"
"KV-Offload-OFF","7.47","7232"
"KV-Offload-OFF","7.73","7406"
"KV-Offload-OFF","8","7406"
"KV-Offload-OFF","8.27","7406"
"KV-Offload-OFF","8.53","7406"
"KV-Offload-OFF","8.8","7406"
"KV-Offload-OFF","9.06","7406"
"KV-Offload-OFF","9.33","7406"
"KV-Offload-OFF","9.59","7406"
"KV-Offload-OFF","9.88","7406"
"KV-Offload-OFF","10.15","7790"
"KV-Offload-OFF","10.41","7756"
"KV-Offload-OFF","10.68","7764"
"KV-Offload-OFF","10.94","7764"
"KV-Offload-OFF","11.2","7764"
"KV-Offload-OFF","11.47","7764"
"KV-Offload-OFF","11.74","7764"
"KV-Offload-OFF","12.01","7764"
"KV-Offload-OFF","12.27","7764"
"KV-Offload-OFF","12.54","7764"
"KV-Offload-OFF","12.8","7764"
"KV-Offload-OFF","13.07","7764"
"KV-Offload-OFF","13.34","7764"
"KV-Offload-OFF","13.62","7764"
"KV-Offload-OFF","13.88","7764"
